{"1": {"a": 0.5681500002538087, "b": 14.170150000063586}, "2": {"a": 0.27891660001841956, "b": 0.3545999999914784}, "3": {"a": 554.5923833997222, "b": 333.3318581993808}, "4": {"a": 0.7278083998244256, "b": 1.1316083997371607}, "5": {"a": 1.4833334018476307, "b": 4.293775000041933}, "6": {"a": 0.02568340023572091, "b": 14.256441600082326}, "7": {"a": 8.355550000851508, "b": 8.335783400070795}, "8": {"a": 1.399649999984831, "b": 12.919274999876507}, "9": {"a": 6.238200000007055, "b": 6.208583399984491}, "10": {"a": 36.08789159916341, "b": 37.44284159911331}, "11": {"a": 33.71694999987085, "b": 123.58063340070657}, "12": {"a": 973.0538000003435, "b": 1.4730249997228384}, "13": {"a": 3.7155416008317843, "b": 63.8073081994662}, "14": {"a": 6.621458200970665, "b": 1637.7680249977857}, "15": {"a": 1.3916418014559895, "b": 3.448150001349859}, "16": {"a": 26.337749999947846}}
