{"1": {"a": 0.5681500002538087, "b": 14.170150000063586}, "2": {"a": 0.27891660001841956, "b": 0.3545999999914784}, "3": {"a": 554.5923833997222, "b": 333.3318581993808}, "4": {"a": 0.7338084000366507, "b": 1.1394581997592468}, "5": {"a": 1.5164168002229417, "b": 4.293775000041933}, "6": {"a": 0.02568340023572091, "b": 14.256441600082326}, "7": {"a": 8.364458400046715, "b": 8.335783400070795}, "8": {"a": 1.399649999984831, "b": 13.15774180002336}, "9": {"a": 6.238200000007055, "b": 6.208583399984491}, "10": {"a": 36.260699999911594, "b": 37.455449999833945}, "11": {"a": 33.71694999987085, "b": 123.79260839952622}, "12": {"a": 990.3890750007122, "b": 1.988558200537227}}
