{"1": {"a": 0.5681500002538087, "b": 14.411716600079671}, "2": {"a": 0.27891660001841956, "b": 0.3545999999914784}, "3": {"a": 559.1484249999667, "b": 336.7146833999868}, "4": {"a": 0.7338084000366507, "b": 1.1433250000663975}, "5": {"a": 1.550616600070498, "b": 4.293775000041933}, "6": {"a": 0.02568340023572091, "b": 14.256441600082326}, "7": {"a": 8.364458400046715, "b": 8.335783400070795}, "8": {"a": 1.399649999984831, "b": 13.15774180002336}, "9": {"a": 6.238200000007055, "b": 6.208583399984491}, "10": {"a": 36.260699999911594, "b": 37.455449999833945}, "11": {"a": 33.71694999987085}}
