{"1": {"a": 0.46060820459388196, "b": 13.816758402390406}, "2": {"a": 0.26723339688032866, "b": 0.3494500066153705}, "3": {"a": 554.5923833997222, "b": 333.3318581993808}, "4": {"a": 0.723308400483802, "b": 0.7523334003053606}, "5": {"a": 1.4833334018476307, "b": 4.285883397096768}, "6": {"a": 0.02568340023572091, "b": 14.256441600082326}, "7": {"a": 8.355550000851508, "b": 8.335783400070795}, "8": {"a": 1.399649999984831, "b": 12.919274999876507}, "9": {"a": 6.238200000007055, "b": 6.208583399984491}, "10": {"a": 36.08789159916341, "b": 37.44284159911331}, "11": {"a": 33.71694999987085, "b": 122.75714160059579}, "12": {"a": 973.0538000003435, "b": 1.4646750001702458}, "13": {"a": 3.7155416008317843, "b": 63.04445840069092}, "14": {"a": 6.538575002923608, "b": 1637.7680249977857}, "15": {"a": 1.371691597159952, "b": 3.4267500042915344}, "16": {"a": 26.225150004029274, "b": 7032.88781659212}, "17": {"a": 7927.565516589675, "b": 28651.875358400866}, "18": {"a": 2.0956582040525973, "b": 0.43186660623177886}}
