{
  "1": {
    "a": 0.5953500000032363,
    "b": 14.695183399999223
  },
  "2": {
    "a": 0.27891660001841956,
    "b": 0.36486680000962224
  },
  "3": {
    "a": 559.1484249999667,
    "b": 341.3865832000738
  },
  "4": {
    "a": 0.7338084000366507,
    "b": 1.1433250000663975
  },
  "5": {
    "a": 1.5896167999926547,
    "b": 4.881358399961755
  },
  "6": {
    "a": 0.030933400012145285,
    "b": 14.384733399947436
  },
  "7": {
    "a": 8.364458400046715,
    "b": 8.335783400070795
  },
  "8": {
    "a": 1.399649999984831,
    "b": 13.194216600004438
  },
  "9": {
    "a": 6.238200000007055,
    "b": 6.208583399984491
  },
  "10": {
    "a": 36.62520839998251,
    "b": 37.83113340005002
  }
}
